subreddit,post_id,title,post_body,post_author,url,post_permalink,num_comments,post_created,post_score,post_distinguished,original_content,upvote_ratio,flair_text,scrape_time
bookshelf,1cam0nk,What can you guess about me from my shelves??,,RememberRossetti,https://i.redd.it/0g28ckzxi3wc1.jpeg,/r/bookshelf/comments/1cam0nk/what_can_you_guess_about_me_from_my_shelves/,2,2024-04-22 21:07:40,2,,False,1.0,None,2024-04-22 17:15:19.932746
CampusReform,1caloyl,'Long Live Hamas!'– Columbia protester glorifies the terrorist group: WATCH,,OfficialCampusReform,https://www.campusreform.org/article/long-live-hamas-columbia-protester-glorifies-the-terrorist-group-watch/25281,/r/CampusReform/comments/1caloyl/long_live_hamas_columbia_protester_glorifies_the/,0,2024-04-22 20:56:03,1,,False,1.0,None,2024-04-22 17:15:19.932746
u_Additional_Actuary92,1calg4s,World News Israel’s military intelligence chief resigns over failure to prevent Hamas attack on Oct. 7,,Additional_Actuary92,https://apnews.com/article/israel-hamas-war-news-04-22-2024-85da1c989f71f8c3bf00d8b45a0ed7f1?utm_source=reddit&utm_medium=share,/r/u_Additional_Actuary92/comments/1calg4s/world_news_israels_military_intelligence_chief/,0,2024-04-22 20:41:12,1,,False,1.0,None,2024-04-22 17:15:19.932746
Destiny,1calg0m,Hasan going after Trudeau for criticizing the pro-Hamas protest in Ottawa,,Appropriate_Duty_930,https://twitter.com/hasanthehun/status/1782498828236800085?t=gA0dHipE4rpX7q6CF-SCNw&s=19,/r/Destiny/comments/1calg0m/hasan_going_after_trudeau_for_criticizing_the/,3,2024-04-22 20:41:02,3,,False,0.8,Twitter,2024-04-22 17:15:19.932746
Christianity,1calehy,Are the majority of Palestinian people Hamas supporters an do they support Hamas’s actions in October? Your thoughts?,,Basic_Equipment9252,https://www.reddit.com/r/Christianity/comments/1calehy/are_the_majority_of_palestinian_people_hamas/,/r/Christianity/comments/1calehy/are_the_majority_of_palestinian_people_hamas/,2,2024-04-22 20:38:12,0,,False,0.5,None,2024-04-22 17:15:19.932746
conspiracy,1calcy9,Has the decade of gaslighting led to this?,"For the past decade, we've been bombarded with accusations calling everyone who disagrees with the current regime a Nazi or an Anti-semitic bigot. Now we have a movement against ""zionists"" from those same ideologues that called us anti-semitic for all those years.

Is it possible that the last decade has been to desensitize the population so when they do come out against the Jews nobody will think it's the same old hate in a new suit?

I just spent 30 minutes surfing twitter for non-curated footage of the Columbia protests, and it's extremely hard to identify any talking points from either side that don't line up with the lies we've been fed for the last 20 years.

Until I see actual evidence one way or another, I'm going to assume the people saying ""zionists"" actually mean ""jews"" and the people saying ""pro-hamas"" actually mean ""anti-war""

So far, I've only been able to find two things that shed any light on the truth:

[https://twitter.com/JCAndersonNYC/status/1782500515655368798](https://twitter.com/JCAndersonNYC/status/1782500515655368798)

[https://twitter.com/Doranimated/status/1782458608925495349](https://twitter.com/Doranimated/status/1782458608925495349)

",DerpyMistake,https://www.reddit.com/r/conspiracy/comments/1calcy9/has_the_decade_of_gaslighting_led_to_this/,/r/conspiracy/comments/1calcy9/has_the_decade_of_gaslighting_led_to_this/,5,2024-04-22 20:35:29,3,,False,0.8,None,2024-04-22 17:15:19.932746
Israel,1cala69,The Dangerous Rise of Israeli Ultra-Nationalists | Decade of Hate,"Pro-Israelis point out how the pro-palestine rallies are hateful/ favorable to hamas and anti-semitic, but seem to not point out how many Pro-Israel rallies(specially in Israel proper) are far-right, kehanists and agressively anti-arab. Look at  Ben Gvir and Netanyahu himself to see  the leadership of both sides are terrorists who want the people on the other side wiped away. ",Finaltryer,https://youtu.be/g6APCbtpdds?si=6yaurSH3DWvFtCr3,/r/Israel/comments/1cala69/the_dangerous_rise_of_israeli_ultranationalists/,0,2024-04-22 20:30:38,1,,False,0.67,Photo/Video 📸,2024-04-22 17:15:19.932746
worldnews,1cal5op,"Hamas kills aid workers to manufacture Gaza food crisis, Fatah charges",,Serious_Journalist14,https://www.jpost.com/israel-hamas-war/article-798185#798185,/r/worldnews/comments/1cal5op/hamas_kills_aid_workers_to_manufacture_gaza_food/,3,2024-04-22 20:22:34,22,,False,0.75,Israel/Palestine,2024-04-22 17:15:19.932746
Destiny,1caky7e,"Hamas kills aid workers to manufacture Gaza food crisis, Fatah charges",,Serious_Journalist14,https://www.jpost.com/israel-hamas-war/article-798185#798185,/r/Destiny/comments/1caky7e/hamas_kills_aid_workers_to_manufacture_gaza_food/,1,2024-04-22 20:13:39,13,,False,0.93,Politics,2024-04-22 17:15:19.932746
IsraelPalestine,1cakwla,The “Pumped Up Kicks” Analogy,"Pasted below are the lyrics to the upbeat song “Pumped up Kicks” by Foster The People.  There’s always been a palpable irony that this song is played at clubs and discos all over the world, with people gleefully dancing, never stopping to consider that the song is about a school shooter.  

Like many others, I’m struggling to understand how so many smart and normal kids at Columbia can join in on anti-Semitic chants.  I am searching long and hard trying to justify or excuse this behavior as something other than Jew hatred and it made me think of this song. 

The leaders of these chants are promoting the destruction of Israel, global intifada and the desire to be martyrs.  Surely that’s a minority opinion among the masses dutifully repeating the chants.

My theory is that the kids go along with it because the chants have a nice beat, and better yet, they rhyme.  

Just as you can have a good time singing and dancing to a song about a school shooter; you can do the same at a pro-Hamas rally.  I’m hoping these are ignorant kids who don’t understand the meaning of what they’re saying— they feel bad for Palestinian Arab civilians and can have a good time and feel a sense of belonging…. Thoughts? Could it be as simple as they go along with it because it’s fun and it rhymes?




Lyrics:

Robert's got a quick hand
He'll look around the room, but won't tell you his plan
He's got a rolled cigarette
Hanging out his mouth, he's a cowboy kid, yeah
He found a six-shooter gun
In his dad's closet, and with a box of fun things
I don't even know what
But he's coming for you, yeah, he's coming for you
All the other kids with the pumped up kicks
You better run, better run outrun my gun
All the other kids with the pumped up kicks
You better run, better run faster than my bullet",mgoblue5783,https://www.reddit.com/r/IsraelPalestine/comments/1cakwla/the_pumped_up_kicks_analogy/,/r/IsraelPalestine/comments/1cakwla/the_pumped_up_kicks_analogy/,3,2024-04-22 20:11:51,4,,False,0.83,Discussion,2024-04-22 17:15:19.932746
PoliticalCompassMemes,1cakw69,columbia is pretty insane right now,,EnterTheLast,https://i.redd.it/etwepiku83wc1.png,/r/PoliticalCompassMemes/comments/1cakw69/columbia_is_pretty_insane_right_now/,8,2024-04-22 20:11:24,47,,False,0.93,None,2024-04-22 17:15:19.932746
Israel,1cakv4o,"Hamas kills aid workers to manufacture Gaza food crisis, Fatah charges",,Serious_Journalist14,https://www.jpost.com/israel-hamas-war/article-798185#798185,/r/Israel/comments/1cakv4o/hamas_kills_aid_workers_to_manufacture_gaza_food/,0,2024-04-22 20:10:20,8,,False,1.0,The War - News & Discussion,2024-04-22 17:15:19.932746
Belgium2,1cakr0z,"Israël heeft geen bewijzen geleverd dat UNRWA-medewerkers banden hebben met Hamas, stelt onderzoek",Israël heeft geen bewijzen geleverd voor mogelijke banden tussen medewerkers van het VN-agentschap voor Palestijnse vluchtelingen UNRWA en Hamas. Dat blijkt uit de resultaten van een onafhankelijk onderzoek naar de neutraliteit van UNRWA. Premier Alexander De Croo roept regeringen op om hun opgeschorte steun te hervatten.,tesrepurwash121810,https://www.vrt.be/vrtnws/nl/2024/04/22/premier-de-croo-roept-buitenlandse-regeringen-op-steun-aan-unrwa/,/r/Belgium2/comments/1cakr0z/israël_heeft_geen_bewijzen_geleverd_dat/,0,2024-04-22 20:05:38,1,,False,0.67,📰 Nieuws,2024-04-22 17:15:19.932746
u_Additional_Actuary92,1cakj9a,Israeli military intelligence head resigns over Oct. 7 Hamas attack,,Additional_Actuary92,https://www.washingtonpost.com/world/2024/04/22/israel-intelligence-haliva-hamas-failure/?wpisrc=nl_most&carta-url=https%3A%2F%2Fs2.washingtonpost.com%2Fcar-ln-tr%2F3d79bab%2F6626890dd1cd185a0c6b170e%2F60fdac2bade4e20d14a7ae2e%2F12%2F53%2F6626890dd1cd185a0c6b170e,/r/u_Additional_Actuary92/comments/1cakj9a/israeli_military_intelligence_head_resigns_over/,0,2024-04-22 19:57:25,1,,False,1.0,None,2024-04-22 17:15:19.932746
TimPool,1cakj90,columbia is insane right now,,EnterTheLast,https://i.redd.it/uy62se9e63wc1.png,/r/TimPool/comments/1cakj90/columbia_is_insane_right_now/,1,2024-04-22 19:57:24,4,,False,1.0,None,2024-04-22 17:15:19.932746
InternationalNews,1cakhtq,"Hamas kills aid workers to manufacture Gaza food crisis, Fatah charges",,somekindof69,https://m.jpost.com/israel-hamas-war/article-798185#798185,/r/InternationalNews/comments/1cakhtq/hamas_kills_aid_workers_to_manufacture_gaza_food/,1,2024-04-22 19:55:51,0,,False,0.18,:region_white_isrpal:Palestine/Israel ,2024-04-22 17:15:19.932746
worldnews2,1cake5c,"Israel Hasn’t Offered Evidence Tying U.N. Workers to Hamas, Review Says",,justin_quinnn,https://www.nytimes.com/2024/04/22/world/middleeast/unrwa-israel-hamas-report.html,/r/worldnews2/comments/1cake5c/israel_hasnt_offered_evidence_tying_un_workers_to/,0,2024-04-22 19:51:57,4,,False,1.0,None,2024-04-22 17:15:19.932746
Global_News_Hub,1cake03,"Israel Hasn’t Offered Evidence Tying U.N. Workers to Hamas, Review Says",,justin_quinnn,https://www.nytimes.com/2024/04/22/world/middleeast/unrwa-israel-hamas-report.html,/r/Global_News_Hub/comments/1cake03/israel_hasnt_offered_evidence_tying_un_workers_to/,0,2024-04-22 19:51:48,2,,False,1.0,None,2024-04-22 17:15:19.932746
NoFilterNews,1cak4ek,/r/worldnews - https://www.jpost.com/israel-hamas-war/article-798185#798185,"/r/worldnews
   
 https://www.jpost.com/israel-hamas-war/article-798185#798185",Faction_Chief,https://www.reddit.com/r/NoFilterNews/comments/1cak4ek/rworldnews/,/r/NoFilterNews/comments/1cak4ek/rworldnews/,0,2024-04-22 19:41:18,1,,False,1.0,None,2024-04-22 17:15:19.932746
3dspiracy,1cak1y6,New to modding. Got my first 3ds in march. Rate my Setup.,,Wolvo85,https://i.redd.it/l0rj6i7133wc1.jpeg,/r/3dspiracy/comments/1cak1y6/new_to_modding_got_my_first_3ds_in_march_rate_my/,0,2024-04-22 19:38:39,2,,False,0.76,None,2024-04-22 17:15:19.932746
columbia,1cak0qn,Columbia cancels in-person classes after days of pro-Palestinian protests,"Columbia University announced all classes would be virtual Monday, as Passover begins, following days of pro-Palestinian protests on campus.

**Why it matters:** Big-name colleges have been cracking down more aggressively on pro-Palestinian protests, which they say are getting increasingly intense and disruptive.

* Columbia President Minouche Shafik called the New York Police Department last week on pro-Palestinian activists, who set up an encampment again immediately after. NYPD arrested more than 100 people after Shafik requested their removal.
* ""Students across an array of communities have conveyed fears for their safety and we have announced additional actions we are taking to address security concerns,"" Shafik said in a [statement](https://president.columbia.edu/news/statement-columbia-university-president-minouche-shafik-4-22). ""The decibel of our disagreements has only increased in recent days.""
* She added that ""individuals who are not affiliated with Columbia"" have come to the campus ""to pursue their own agendas.""
* Protestors over the weekend seemingly unaffiliated with the university were accused of celebrating Hamas and targeting Jewish students, the New York Times reported.
* At Yale University, police also arrested pro-Palestinian protestors Monday morning.

**The latest:** A large group of Columbia faculty and staff held a walkout and news conference on Monday afternoon criticizing the university's handling of the protests.

* The university declined to comment on the movement.

**What they're saying:** ""I understand that many are experiencing deep moral distress and want Columbia to help alleviate this by taking action,"" Shafik said. ""We should be having serious conversations about how Columbia can contribute.""

* A working group of deans, university administrators and faculty members will work to ""try to bring this crisis to a resolution,"" per Shafik.

**Zoom in:** The canceled classes coincide with the first day of Passover, which begins at sunset on Monday.

* Shafik denounced intimidating and harassing behavior, as well as antisemitic language in her announcement.
* Students who do not live on campus were asked not to come to the university on Monday.

**Zoom out:** Harvard University restricted access to the Harvard Yard, a center of the school, until Friday afternoon, the Harvard Crimson reported.

* An announcement posted at the yard's entrance gates warned of disciplinary action against students who bring in unauthorized tents or tables like at Columbia's encampment.
* On Friday, students and affiliates held a solidarity protest at Harvard, per the Crimson.

**Catch up quick:** Shafik testified in a congressional hearing on Wednesday over antisemitism on Columbia's campus since Oct. 7.

* The hearing was similar to one late last year that led to the ouster of two Ivy League university presidents, Harvard's Claudine Gay and the University of Pennsylvania's Liz Magill.



[Source](https://www.axios.com/2024/04/22/columbia-classes-virtual-protests)",VirtualNecromancer,https://www.reddit.com/r/columbia/comments/1cak0qn/columbia_cancels_inperson_classes_after_days_of/,/r/columbia/comments/1cak0qn/columbia_cancels_inperson_classes_after_days_of/,0,2024-04-22 19:37:16,4,,False,0.64,coming right up!,2024-04-22 17:15:19.932746
HighlyCensored,1cajx30,The Secret History of Hamas,,GentleGiantGus,https://corbettreport.com/the-secret-history-of-hamas/,/r/HighlyCensored/comments/1cajx30/the_secret_history_of_hamas/,0,2024-04-22 19:33:09,1,,False,1.0,FACT,2024-04-22 17:15:19.932746
onguardforthee,1cajw9d,Ottawa police investigating chant on Parliament Hill glorifying Hamas Oct. 7 attack,,donbooth,https://www.theglobeandmail.com/politics/article-trudeau-poilievre-condemn-chant-on-parliament-hill-glorifying-hamas/,/r/onguardforthee/comments/1cajw9d/ottawa_police_investigating_chant_on_parliament/,2,2024-04-22 19:32:16,5,,False,0.78,None,2024-04-22 17:15:19.932746
svenskpolitik,1cajj5w,"Turkiets president Erdogan pressade Sverige om ""terrorgrupper"" men har inga problem med att ha möten med ledare för Hamas.","President Erdogan använde Sveriges skyddande av Kurder som en anledning till att hålla Sverige utanför NATO ett längre tag. Jag måste erkänna att jag finner det lite märkligt att han då inte har några som helst problem att ha officiella möten med ledare för Hamas, som är terrorstämplade av större delar av västvärlden. 

Jag förstår att Turkiet är viktiga för NATO, men någon måtta måste det väl ändå vara på hyckleriet?

Är det här de som vi ska ändra vår politik för att blidka? Betyder det att vi är nån slags ""junior member"" i NATO?

Och hur kommer det sig att det inte har stått nåt om det här i svenska medier?

[https://www.reuters.com/world/middle-east/erdogan-meets-hamas-leader-turkey-discusses-efforts-regional-peace-2024-04-20/](https://www.reuters.com/world/middle-east/erdogan-meets-hamas-leader-turkey-discusses-efforts-regional-peace-2024-04-20/)

&#x200B;",Faceless_Deviant,https://www.reddit.com/r/svenskpolitik/comments/1cajj5w/turkiets_president_erdogan_pressade_sverige_om/,/r/svenskpolitik/comments/1cajj5w/turkiets_president_erdogan_pressade_sverige_om/,2,2024-04-22 19:18:13,17,,False,0.77,Nyhet,2024-04-22 17:15:19.932746
ExDemFoyer,1caje6q,Columbia kicks the hornet's nest with student protests over Israel-Hamas war,,SergeantPsychosis,https://thehill.com/homenews/education/4611661-columbia-student-protests-israel-gaza-war-hamas/?utm_source=880hpy,/r/ExDemFoyer/comments/1caje6q/columbia_kicks_the_hornets_nest_with_student/,1,2024-04-22 19:13:26,3,,False,1.0,None,2024-04-22 17:15:19.932746
GameFAQSdeathmatch,1caiz9y,"Good on President Biden denouncing the so called ""protests"" at Columbia","What's happening at Columbia is not protest, it's ethnic and religious intimidation by those using the Israel -Gaza war as cover. It's no longer protest when you harass Jewish students and tell them to ""go back to Poland"". These people are no different than the Nazis in Charlottesville in 2017 ""Jews will not replace us"". Besides this does nothing to bring others to your cause it instead actively pushes people away. Let be honest these are no pro Palestinian anti oppression protests. They are antisemitic and violent rhetoric. These people are NOT liberal or progressive in any way. They are pro Hamas protests and I bet a large segment are just going along because that was a lot of college kids do, they follow the next thing trending. I myself do not support one side or the other as I think both Israel and Gaza are in the wrong. Oct 7th was an obvious attack and Israel of course has a right to attack Hamas after it. They of course have went too far in bombing civilians. While the other side is run by fundamentalist Islamic extremists who openly declare the goal is the destruction of Israel. Israel is super corrupt and run by another religious extremist in Netanyahu and his right wing cabinet but any country would not sit back allow Oct 7th to happen. Hamas have no redeeming value either and only serve to hurt the the Palestinians. 

This shilling for Hamas is pretty absurd, especially coming from thr far left, ""queens for palestine"" is the most glaring example. Imagine defending a ""government"" that routinely throws LGBTQ people off roofs and has them lined up and gunned down. President Biden made the correct call in denouncing these ""protests"". Yes I know I am ""far right"" for daring to speak against the ""oppressed"" Hama terrorists. And I mean Hamas not civilians. Will any CE ""progressive"" denounce Hamas and their supporters on campus, I doubt it. Which is against liberalism and progressivism.",TonyKojima1,https://www.reddit.com/r/GameFAQSdeathmatch/comments/1caiz9y/good_on_president_biden_denouncing_the_so_called/,/r/GameFAQSdeathmatch/comments/1caiz9y/good_on_president_biden_denouncing_the_so_called/,3,2024-04-22 18:57:35,0,,False,0.5,None,2024-04-22 17:15:19.932746
bestconspiracymemes,1caixap,And one day for no reason at all...,,Salty_Obsidian_X,https://i.redd.it/0lipuju1v2wc1.jpeg,/r/bestconspiracymemes/comments/1caixap/and_one_day_for_no_reason_at_all/,3,2024-04-22 18:55:21,50,,False,0.92,They hate you,2024-04-22 17:15:19.932746
AsukaSaito,1caislp,"Hamasuka #76 - Two members of Hamasuka will be training on the ""Picture and Poetry Quiz,"" which tells the names of songs with pictures! First, question: Asuka-san, answer: Hama-san🦓",,talude,https://v.redd.it/c3430wkcu2wc1,/r/AsukaSaito/comments/1caislp/hamasuka_76_two_members_of_hamasuka_will_be/,0,2024-04-22 18:50:06,1,,False,1.0,Hamasuka,2024-04-22 17:15:19.932746
TheRoundupMedia,1caioin,Current Affairs - 20 / 21 April 2024,"• Every year, “UN Chinese Language Day” celebrated by UN on: Answer- 20 April

• Every year, “World Creativity and Innovation Day” observed on: Answer- 21 April

• The 16th World Future Energy summit was held on 19 April 2024 in: Answer Abu Dubai, UAE

• Which country has tested a “super-large warhead” designed for a strategic cruise missile: Answer- North Korea

• Recently, Armenia agrees on ‘Historic return of four villages’ to which country after Peace deal: Answer- Azerbaijan

• Who takes oath as Chief Justice of Peshawar High Court on 20 April 2024: Answer- Justice Ishtiaq Ibrahim

• Who takes oath as Chief Justice of Balochistan High Court on 21 April 2024: Answer- Justice Hashim khan Kakar

• Balochistan Cabinet 13 members and 4 advisors to CM takes oath on: Answer- 21 April 2024

• Iranian President Ebrahim Raisi to arrive in Islamabad for official visit from: Answer- 22 April to 24 April 2024

• Recently, Which country agree to withdraw its more than 1000 troops from Niger: Answer- United States

• Which country becomes the first country to introduce the new Men5CV/Menfive conjugate vaccine recommended by WHO: Answer- Nigeria

• Which country unveils new Military cyber force on 19 April 2024: Answer- China

• Turkish President Recep Tayyip Erdogan meets with Hamas Chief on: Answer- 20 April 2024

• By election of 21 vacant seats of National and Provincial assemblies are held on: Answer- 21 April 2024

• The 86th death Anniversary of Dr. Allama Iqbal was observed on: Answer- 21 April 2024",u5mankhal1d,https://www.reddit.com/r/TheRoundupMedia/comments/1caioin/current_affairs_20_21_april_2024/,/r/TheRoundupMedia/comments/1caioin/current_affairs_20_21_april_2024/,0,2024-04-22 18:45:29,1,,False,1.0,Current Affairs,2024-04-22 17:15:19.932746
AskConservatives,1caigof,Are there fine people on both sides of the Columbia Anti-Jewish protests? ,"Although there have been many protests since the latest Israeli hot war broke out last year, (some including ISIS flags, ""Death to America"" chanting, pro Hamas, enormous amounts of anti-Jewish conspiracy theories and hate), the latest this week is a leftwing student take-over protest at Columbia University in NYC.

> Columbia University President Dr. Nemat ""Minouche"" Shafik ... said she was ""deeply saddened"" by certain actions of the agitators, who have formed an ""encampment"" on the campus and have riled students and faculty with anti-Jewish slogans and chants.

> The statement is the latest action from the school’s administration amid the fiery protests in and around the New York City campus that began Wednesday as dozens of anti-Israel activists created an encampment on the main lawn of campus.

>On Wednesday, dozens of protesters called on the university to divest itself from companies that have ties to Israel. These protesters then erected camping tents and remained on the school grounds, despite being instructed to leave.

> The protesters then shouted antisemitic chants and slogans on Columbia's campus.  

[Reputable source.](https://www.foxnews.com/us/columbia-university-anti-israel-protesters-dramatic-moments-week-chaos)

Questions:
1) Do you believe there are fine people on both sides, or is it a binary of everyone on one side must be evil and the other side just innocent victims? How do you reason on it all?

2) Do you think these students are getting special treatment, compared to if say, a theoretical white nationalist student group wanted to occupy this lawn to protest jews?

3) Since violence, hate, and rioting has occurred, would you support FBI investigation to charge individuals with conspiracy to riot as [happened with Charlottesville, 2017?](https://www.justice.gov/usao-wdva/pr/three-members-california-based-white-supremacist-group-sentenced-riots-charges-related)

EDIT: The goal of this post is to discuss how conservatives go about walking a moral, just, consistent, empathetic line and resist tribalist ""rationalization"". The ""fine people on both sides"" line approaches nuance where some want binary. Bigotry against anyone obviously is not being invited.",CptGoodMorning,https://www.reddit.com/r/AskConservatives/comments/1caigof/are_there_fine_people_on_both_sides_of_the/,/r/AskConservatives/comments/1caigof/are_there_fine_people_on_both_sides_of_the/,13,2024-04-22 18:37:08,3,,False,0.6,Hot Take,2024-04-22 17:15:19.932746
ShitLiberalsSay,1cai018,Like clockwork,,Gaze1112,https://www.reddit.com/gallery/1cai018,/r/ShitLiberalsSay/comments/1cai018/like_clockwork/,14,2024-04-22 18:19:00,49,,False,0.95,Isn'treal,2024-04-22 17:15:19.932746
GenZionist,1cahz26,Some of the rhetoric at the Columbia jihadist camp,,em1011081,https://i.redd.it/l500mmrno2wc1.jpeg,/r/GenZionist/comments/1cahz26/some_of_the_rhetoric_at_the_columbia_jihadist_camp/,2,2024-04-22 18:17:55,27,,False,0.97,None,2024-04-22 17:15:19.932746
PiQSuite,1cahx66,"⚠️  ISRAEL'S GAZA WAR HAS NEGATIVELY IMPACTED HUMAN RIGHTS, SAYS US REPORT","



Full Story → [https://PiQSuite.com/reuters/israels-gaza-war-has-negatively-impacted-human-rights-says-us-report](https://PiQSuite.com/reuters/israels-gaza-war-has-negatively-impacted-human-rights-says-us-report)



The war between Israel and Hamas that has killed tens of thousands of Palestinians in Gaza and resulted in a severe humanitarian crisis has had ""a significant negative impact"" on the human rights situation in the country, the U.S. State Department said in its annual report on Monday.

https://preview.redd.it/zmy6jna9o2wc1.png?width=450&format=png&auto=webp&s=0fe53af6f21a19400c6b19d1ad06afbe7d68125e

",mrsauravthakur,https://www.reddit.com/r/PiQSuite/comments/1cahx66/israels_gaza_war_has_negatively_impacted_human/,/r/PiQSuite/comments/1cahx66/israels_gaza_war_has_negatively_impacted_human/,0,2024-04-22 18:15:49,1,,False,1.0,None,2024-04-22 17:15:19.932746
Palestine,1cahuem,"I feel like whenever people try to discredit the numbers from the Gaza Health ministry when they call it the “Hamas run health ministry”(despite those numbers being used by Israel), they picture this…",,strik3r2k8,https://i.redd.it/jkzwdmpqn2wc1.jpeg,/r/Palestine/comments/1cahuem/i_feel_like_whenever_people_try_to_discredit_the/,3,2024-04-22 18:12:47,27,,False,0.97,"Satire, Shitpost, Meme",2024-04-22 17:15:19.932746
redscarepod,1cahs10,Need another Schindler's list,,brodfrukt,https://i.redd.it/vm37pakym2wc1.jpeg,/r/redscarepod/comments/1cahs10/need_another_schindlers_list/,6,2024-04-22 18:10:25,1,,False,0.56,Art,2024-04-22 17:15:19.932746
Palestine,1cahd0e,Like clockwork,,Gaze1112,https://i.redd.it/3go2itigk2wc1.png,/r/Palestine/comments/1cahd0e/like_clockwork/,22,2024-04-22 17:54:25,267,,False,0.97,Hasbara,2024-04-22 17:15:19.932746
Quadrinhos,1cah2ij,Bíblia do Venom: O Antigo Testamento.,"[No meu post anterior,](https://www.reddit.com/r/Quadrinhos/s/3YiMm5Y6f5) eu disse que por conta da forma que foram publicadas aqui no Brasil, as histórias do Venom seriam compiladas com base em minha experiência, isto é, em inglês, mas recentemente eu encontrei [este site](http://www.guiadosquadrinhos.com/) que compila no formato estrangeiro e daqui. Graças a isso, consigo compilar tudo tanto no formato planejado quanto adicionar algumas edições ""daqui"". Dessas eu usarei as publicadas Abril e Panini.

Volto a repetir, esse guia é enorme, pois estamos falando de um personagem que está prestes a fazer 36 anos. E olha que era maior ainda o post, por isso tive de remover muita coisa e dividí-lo em duas partes.

Aos interessados em algo mais casual, não recomendo esses posts. Aos interessados em realmente lerem a maioria das histórias do personagem, boa sorte e boa leitura.

-------

Lá no post anterior, eu também toquei no assunto de encadernados. Seria interessante que procurassem pelo encadernado **O Nascimento de Venom,** pois ele compila todas as histórias do Traje Negro desde a chegada do Peter à terra, até o titular Nascimento do Venom. Se não for possível, procure por **Amazing Spider-Man #300,** ou **Homem-Aranha n°105** para a primeira história do Venom.

Após isso, leiam essas edições de :**#315 à #317(n°114), #331 à #333 (n°125 e 126), #345 à #347(n°135 à 136), #360 à #363(n°149) e #373 à #375(A Teia do Aranha n°82).** São todas as histórias originais do Venom após sua segunda aparição, seus anos iniciais de vilão até introdução do Carnificina e transição pra anti-herói.

Seria interessante checar as histórias prequel que foram retroativamente adicionadas no cânone. Eis algumas:

**Venom – First Kill**: Essa história mostra o primeiríssimo dia do Venom antes de seu primeiro confronto com o Homem-Aranha, e o primeiro assassinato que ele cometeu. Pro meu desgosto eu não a achei em português, mas em formato original ela foi compilada em **ASM annual#26, Spectacular Spider-Man e Web of Spider-Man annual#12.** 

**Venom – Lethal Protector/Protetor Letal(2022):** Se passa entre o segundo e terceiro confronto do Venom com o Homem-Aranha, mostra o que ele estava fazendo enquanto não o perseguia. Lá fora é vendida de forma separada, mas aqui é compilada nos volumes atuais do Venom publicados pela Panini.

**Venom – Lethal Protector II/Protetor Letal II(2023):** Sequência das histórias anteriores, principalmente First Kill. É também o primeiro encontro do Venom com o Doutor Destino, algo que seria acarretado pra revista principal. Mesmo caso da anterior, essa também pode ser encontrado nos volumes atuais do Venom, especificamente vol. 7(2023) em diante. 

A história por detrás dos bastidores da Marvel quanto ao Venom nos anos 90 é um pouco curiosa. Supostamente a maioria, nem mesmo o criador do personagem, queria que ele fosse levado para essa direção de anti-heroi, mas foram ""obrigados"" por conta do quanto ele era rentável. Michelinie não queria pois ia contra o seu plano original, mas querendo manter certo controle criativo, ele aceitou escrever a primeira minissérie solo do Venom, para que pudesse trazer o máximo de conceitos possíveis para outros roteiristas trabalharem no futuro. Entretanto, apesar da decisão de dar ao Venom carreira solo, a Marvel não lhe deu mensal na época e sim várias minisséries e one-shots, quase lançados ao mesmo tempo, com várias mentes criativas diferentes. A ideia era ganhar mais espaço nas bancas contra a DC e outros e não manter ninguém muito tempo nas revistas, mas em contrapartida o resultado foram roteiros questionáveis e desgaste rápido de imagem. Tanto que após sua ""última"" revista solo, Venom sumiu dos holofotes por dois anos antes de reaparecer, e claramente sem o mesmo gás de seus anos de ouro.

Ele teve várias minisséries, pois a estratégia durou de '92 à '97. Se deseja acompanhar tudo de forma rápida, recomendo comprar os três volumes do **Venomnibus,** que compila tanto minisséries quanto aparições em outras revistas, de '92 à 2005. Só que vai doer o bolso, então pra algo mais simples, eis as histórias da época que eu recomendo, algumas por gosto e outras pela cronologia:

**Venom – Protetor Letal(1993):** Essa foi a primeira revista solo do Venom, escrita por seu criador. De todas as minisséries, é sem dúvida uma das melhores, e essencial pra quem deseja realmente acompanhar o personagem. A Abril compilou esta história em Homem-Aranha n°159 e Teia do Aranha °83, mas fora isso, recomendo como possível substituto a adaptação literária moderna de James Tuck. 

**Carnificina Total:** Eu sei, não é revista solo, mas é ambientada nessa época dele de transição, então necessária cronologicamente, então é peça essencial da sua história. Recomendo 100% em encadernado(s).

**Venom – Separation Anxiety/dor da Separação:** Continuação de Exile Returns(Teia do Aranha °89) onde Venom enfrenta Ben Reilly, perde e é mandado pra prisão, onde Eddie é separado do Outro e pela primeira vez repensa seus atos. A Abril lançou em uma revista própria de uma única edição chamada **Venom Especial** junto com Carnage Unleashed/Carnificina via Internet. Vai entender.



**Venom – Sinner Takes All:** Nessa história, Venom protege sua ex-mulher e enfrenta um personagem que deveria ser seu vilão recorrente, o Devorador de Pecados. Tinha potencial, mas não foi escrita tão bem pelo Hama na minha opinião. Compensa pelas interações interessantes, é referenciada no cânone atual, e pelo menos tem uma outra história secundária escrita por Marv Wolfman que é até boa. A Abril compilou esta história em **Homem-Aranha n°173, Teia do Aranha n°97, Homem-Aranha n°174, Teia do Aranha n°98 e Homem-Aranha n°175.**

**Venom – Along Came a Spider:** É o segundo encontro do Venom com Ben Reilly, que agora é o Homem-Aranha. Também é referenciada no cânone atual. Completa em **Homem-Aranha n°178.**

**Venom – The Hunger:** É minha minissérie favorita do Venom, ela o trás de volta às suas raízes no horror e as aprofunda, além de trazer camadas interessantes pra relação de Eddie com o Outro. Foi nessa história também que o Venom cometeu canibalismo pela primeira vez, algo que deixa o Eddie horrorizado assim que percebe o que acabou de fazer. Não foi publicada no Brasil(crime) então só dá pra achar em formato original mesmo. Em breve farei post sobre essa história.

**Venom – The Trial/O Julgamento de Venom:** Venom é capturado e submetido a julgamento por seus crimes, com uma das testemunhas sendo, por algum motivo, Cletus Kasady. Inevitavelmente, dá merda. A história tinha muito potencial, mas acaba sendo só trash ""massaveio"" mesmo. Pode ser encontrada em **Teia do Aranha n°116.**

**Venom – Licence to Kill/Licença pra Matar:** Continuando o final da anterior, Venom agora se tornou um agente do governo à la esquadrão suicida, e é mandado em uma missão contra um terrorista russo. Pode ser encontrada em **Teia do Aranha n° 118,** e é também onde vão achar [essa pérola.](https://static.hq-now.com/hqs/hqs/uploads/picture/image/885930/00015.jpg)

**Venom – The Finale/o final:** Essa foi a última minissérie do Venom anti-heroi antes dele retornar pro seu status quo, daí o título. Ela foi compilada em Homem-Aranha n°195, mas já adianto que não é muito boa e estou deixando aqui por propósitos cronologicos.

Após isso, como falei, Venom passaria por um período de desuso por dois anos, retornando em **Peter Parker: Spider-Man#9 e 10** de Howard Mackie(Homem-Aranha(2000)n°3 aqui). Ele faria aparições esporádicas tanto nesta revista quanto em Amazing **Spider-Man(1999)#19–20(n°11 e 13),** mas de novo, sem a mesma força de antes.

Por enquanto, terminamos aqui. Em breve eu lanço o Novo Testamento, isto é, o cânone atual.",Abject-Respond-2502,https://i.redd.it/6cn4izwbi2wc1.png,/r/Quadrinhos/comments/1cah2ij/bíblia_do_venom_o_antigo_testamento/,1,2024-04-22 17:42:28,7,,False,0.82,Discussão/Pergunta,2024-04-22 17:15:19.932746
Canada_Strong,1cah1ws,Jewish groups call for end to funding for Edmonton Pride centre over its response to Hamas attack,,nimobo,https://nationalpost.com/news/canada/pride-centre-of-edmonton-jewish-groups,/r/Canada_Strong/comments/1cah1ws/jewish_groups_call_for_end_to_funding_for/,9,2024-04-22 17:41:48,26,,False,0.88,None,2024-04-22 17:15:19.932746
NewsWhatever,1cah16g,"Palestinian Ruling Party Admits: Hamas Steals Aid, Kills Aid Workers in Gaza",,dirtyharrison,https://www.breitbart.com/middle-east/2024/04/21/palestinian-ruling-party-admits-hamas-steals-aid-kills-aid-workers-in-gaza/,/r/NewsWhatever/comments/1cah16g/palestinian_ruling_party_admits_hamas_steals_aid/,0,2024-04-22 17:40:58,1,,False,1.0,None,2024-04-22 17:15:19.932746
conspiracy,1cah10v,US officials have admitted that Hamas cannot be stopped because of the tunnels. This document explains how new technology can detect terror tunnels,,AnthonyofBoston,https://www.academia.edu/108513612/Hamas_tunnels_and_how_they_can_be_detected,/r/conspiracy/comments/1cah10v/us_officials_have_admitted_that_hamas_cannot_be/,4,2024-04-22 17:40:48,0,,False,0.36,None,2024-04-22 17:15:19.932746
NoFilterNews,1cagz3a,/r/news - https://apnews.com/article/israel-hamas-war-news-04-21-2024-8c027f2587c2c433d0fde41b63a0e0c3,"/r/news
   
 https://apnews.com/article/israel-hamas-war-news-04-21-2024-8c027f2587c2c433d0fde41b63a0e0c3",Faction_Chief,https://www.reddit.com/r/NoFilterNews/comments/1cagz3a/rnews/,/r/NoFilterNews/comments/1cagz3a/rnews/,0,2024-04-22 17:38:40,1,,False,1.0,None,2024-04-22 17:15:19.932746
JewsOfConscience,1cagudy,Did you know that Israel’s government is run by self-declared fascists?,,Particular_Log_3594,https://i.redd.it/t0gepkbqg2wc1.jpeg,/r/JewsOfConscience/comments/1cagudy/did_you_know_that_israels_government_is_run_by/,1,2024-04-22 17:33:29,31,,False,0.93,None,2024-04-22 17:15:19.932746
IsraelPalestine,1cagkle,Palestinian statehood is further away today than it's ever been,"Watching these protests at universities and in big western cities, you’d think that Hamas was winning and Israel was on the verge of being dismantled. Not only are there chants of Free Palestine, but chants that Palestine is ALMOST free, Palestine will be Arab, and that Palestine will be free “within our lifetime.”  
The grim reality is that Palestine is further away from being “free” than its been in a very long time.

Hamas is slowly being dismantled and any future Palestinian state will, after 10/7 especially have to take into account Israeli security concerns. Palestinians, however, will never agree to this if radicalized voices continue to hold prominent positions. They will not agree to a Palestinian country, for example, where they have no military. They will not agree to a country if compromises for Israeli security need to be made. “Who are the Israeli’s to tell us what we can and can’t do as our own country.” Never mind the fact that both Jordan and Egypt, for their own security, would be opposed to a fully militarized Palestinian state.  


The Pro-Palestinian movement post 10/7 reaffirms the Palestinian position, however unrealistic, that the entire land is theirs and that the entire land will ultimately be Palestinian land. But as history has shown, this maximalist demand and narrative is actually counterproductive. Indeed, the Palestinian leadership's position -bolstered by their own propaganda- that they can get all of their demands with zero compromise just ensures that the status quo remains.

Israelis just want to live in peace, and post 10/7, it has become clearer, in my opinion, that Palestinians are prioritizing the destruction of Israel over the creation of their own country. It’s why it’s quite disheartening to read that over 75% of people in the West Bank support the atrocities of 10/7. It's similarly disheartening to see radical university students echo this in public protests when shouting that all resistance is justified, with some even chanting Hamas slogans.

I personally hope for a 2-state solution and peace, but that seems further away than ever, and perhaps an impossibility if nothing changes.

What pro Palestinians fail to realize, though, is that the current status quo leaves Israel as a thriving democracy and Palestinians without a country of their own. Unless acceptance of Israel becomes more of a reality amongst Palestinians, their own country remains nothing more than an unlikely goal, a tragedy made all the worse given their history of rejecting peace offers that could have given them their own country 75 years ago.",thatshirtman,https://www.reddit.com/r/IsraelPalestine/comments/1cagkle/palestinian_statehood_is_further_away_today_than/,/r/IsraelPalestine/comments/1cagkle/palestinian_statehood_is_further_away_today_than/,206,2024-04-22 17:22:39,79,,False,0.85,Opinion,2024-04-22 17:15:19.932746
GayConservatives,1cag9pn,“A violation of all international laws and humanitarian norms”: Hamas condemns US aid to Israel,,CharlieX99,https://newssmexus.blogspot.com/2024/04/a-violation-of-all-international-laws.html,/r/GayConservatives/comments/1cag9pn/a_violation_of_all_international_laws_and/,0,2024-04-22 17:10:41,1,,False,1.0,None,2024-04-22 17:15:19.932746
GayConservative,1cag9ki,“A violation of all international laws and humanitarian norms”: Hamas condemns US aid to Israel,,CharlieX99,https://newssmexus.blogspot.com/2024/04/a-violation-of-all-international-laws.html,/r/GayConservative/comments/1cag9ki/a_violation_of_all_international_laws_and/,0,2024-04-22 17:10:34,0,,False,0.5,None,2024-04-22 17:15:19.932746
conservatives,1cag7rg,“A violation of all international laws and humanitarian norms”: Hamas condemns US aid to Israel,,CharlieX99,https://newssmexus.blogspot.com/2024/04/a-violation-of-all-international-laws.html,/r/conservatives/comments/1cag7rg/a_violation_of_all_international_laws_and/,0,2024-04-22 17:08:37,4,,False,0.75,None,2024-04-22 17:15:19.932746
MissouriConservatives,1cag729,“A violation of all international laws and humanitarian norms”: Hamas condemns US aid to Israel,,CharlieX99,https://newssmexus.blogspot.com/2024/04/a-violation-of-all-international-laws.html,/r/MissouriConservatives/comments/1cag729/a_violation_of_all_international_laws_and/,0,2024-04-22 17:07:52,1,,False,1.0,None,2024-04-22 17:15:19.932746
FormerConservatives,1cag6v7,“A violation of all international laws and humanitarian norms”: Hamas condemns US aid to Israel,,CharlieX99,https://newssmexus.blogspot.com/2024/04/a-violation-of-all-international-laws.html,/r/FormerConservatives/comments/1cag6v7/a_violation_of_all_international_laws_and/,0,2024-04-22 17:07:38,1,,False,1.0,None,2024-04-22 17:15:19.932746
SocDems,1cag6p1,“A violation of all international laws and humanitarian norms”: Hamas condemns US aid to Israel,,CharlieX99,https://newssmexus.blogspot.com/2024/04/a-violation-of-all-international-laws.html,/r/SocDems/comments/1cag6p1/a_violation_of_all_international_laws_and/,0,2024-04-22 17:07:27,1,,False,1.0,None,2024-04-22 17:15:19.932746
LibertarianDemocrats,1cag6kf,“A violation of all international laws and humanitarian norms”: Hamas condemns US aid to Israel,,CharlieX99,https://newssmexus.blogspot.com/2024/04/a-violation-of-all-international-laws.html,/r/LibertarianDemocrats/comments/1cag6kf/a_violation_of_all_international_laws_and/,0,2024-04-22 17:07:18,1,,False,1.0,None,2024-04-22 17:15:19.932746
CatholicDemocrats,1cag5oa,“A violation of all international laws and humanitarian norms”: Hamas condemns US aid to Israel,,CharlieX99,https://newssmexus.blogspot.com/2024/04/a-violation-of-all-international-laws.html,/r/CatholicDemocrats/comments/1cag5oa/a_violation_of_all_international_laws_and/,0,2024-04-22 17:06:18,1,,False,1.0,None,2024-04-22 17:15:19.932746
ProgressiveDemocrats,1cag4er,“A violation of all international laws and humanitarian norms”: Hamas condemns US aid to Israel,,CharlieX99,https://newssmexus.blogspot.com/2024/04/a-violation-of-all-international-laws.html,/r/ProgressiveDemocrats/comments/1cag4er/a_violation_of_all_international_laws_and/,0,2024-04-22 17:04:57,0,,False,0.5,None,2024-04-22 17:15:19.932746
LouisianaDemocrats,1cag47l,“A violation of all international laws and humanitarian norms”: Hamas condemns US aid to Israel,,CharlieX99,https://newssmexus.blogspot.com/2024/04/a-violation-of-all-international-laws.html,/r/LouisianaDemocrats/comments/1cag47l/a_violation_of_all_international_laws_and/,0,2024-04-22 17:04:44,1,,False,1.0,None,2024-04-22 17:15:19.932746
social_democrats,1cag3tj,“A violation of all international laws and humanitarian norms”: Hamas condemns US aid to Israel,,CharlieX99,https://newssmexus.blogspot.com/2024/04/a-violation-of-all-international-laws.html,/r/social_democrats/comments/1cag3tj/a_violation_of_all_international_laws_and/,0,2024-04-22 17:04:19,1,,False,1.0,None,2024-04-22 17:15:19.932746
IdahoDemocrats,1cag3bi,“A violation of all international laws and humanitarian norms”: Hamas condemns US aid to Israel,,CharlieX99,https://newssmexus.blogspot.com/2024/04/a-violation-of-all-international-laws.html,/r/IdahoDemocrats/comments/1cag3bi/a_violation_of_all_international_laws_and/,0,2024-04-22 17:03:48,1,,False,1.0,None,2024-04-22 17:15:19.932746
democraticparty,1cag35p,“A violation of all international laws and humanitarian norms”: Hamas condemns US aid to Israel,,CharlieX99,https://newssmexus.blogspot.com/2024/04/a-violation-of-all-international-laws.html?m=1,/r/democraticparty/comments/1cag35p/a_violation_of_all_international_laws_and/,0,2024-04-22 17:03:35,2,,False,1.0,None,2024-04-22 17:15:19.932746
Arkansas_Democrats,1cag2n1,“A violation of all international laws and humanitarian norms”: Hamas condemns US aid to Israel,,CharlieX99,https://newssmexus.blogspot.com/2024/04/a-violation-of-all-international-laws.html?m=1,/r/Arkansas_Democrats/comments/1cag2n1/a_violation_of_all_international_laws_and/,0,2024-04-22 17:02:59,1,,False,1.0,None,2024-04-22 17:15:19.932746
fanews,1cafzwe,Israeli Military Intelligence Chief Resigns After Hamas Attack,,LazyHose,https://fa.news/articles/679313/,/r/fanews/comments/1cafzwe/israeli_military_intelligence_chief_resigns_after/,0,2024-04-22 17:00:20,1,,False,1.0,None,2024-04-22 17:15:19.932746
samharris,1cafxmc,Live updates: Latest on the Columbia University and Yale protests,"This post might be a complete failure, but here goes. Sam has spoken extensively about the moral landscape of the Israel-Hamas conflict. And this sub’s users seem to be mostly thoughtful. So maybe this sub is the best place to post. 

Is this really the best way to protest? Columbia U has no control over US policy concerning the mid-east conflict. If these protesters want to have their voices heard, why aren’t they in DC? 

Is it really best to submarine the education of students? 

And I kind of wonder why so many are protesting with masks on. Believe what you want, but at least take ownership of it. Put your face to your beliefs. ",Kyle_Reese_Get_DOWN,https://www.cnn.com/business/live-news/columbia-yale-protests-passover-04-22-24/index.html,/r/samharris/comments/1cafxmc/live_updates_latest_on_the_columbia_university/,192,2024-04-22 16:57:49,37,,False,0.83,None,2024-04-22 17:15:19.932746
worldnews1,1cafsag,“A violation of all international laws and humanitarian norms”: Hamas condemns US aid to Israel,,CharlieX99,https://newssmexus.blogspot.com/2024/04/a-violation-of-all-international-laws.html,/r/worldnews1/comments/1cafsag/a_violation_of_all_international_laws_and/,0,2024-04-22 16:51:53,1,,False,1.0,None,2024-04-22 17:15:19.932746
CNNUSA,1cafs5r,“A violation of all international laws and humanitarian norms”: Hamas condemns US aid to Israel,,CharlieX99,https://newssmexus.blogspot.com/2024/04/a-violation-of-all-international-laws.html,/r/CNNUSA/comments/1cafs5r/a_violation_of_all_international_laws_and/,0,2024-04-22 16:51:44,1,moderator,False,1.0,None,2024-04-22 17:15:19.932746
USAToday101,1cafr73,“A violation of all international laws and humanitarian norms”: Hamas condemns US aid to Israel,,CharlieX99,https://newssmexus.blogspot.com/2024/04/a-violation-of-all-international-laws.html,/r/USAToday101/comments/1cafr73/a_violation_of_all_international_laws_and/,0,2024-04-22 16:50:38,1,moderator,False,1.0,None,2024-04-22 17:15:19.932746
NoFilterNews,1cafr3i,“A violation of all international laws and humanitarian norms”: Hamas condemns US aid to Israel,,CharlieX99,https://newssmexus.blogspot.com/2024/04/a-violation-of-all-international-laws.html,/r/NoFilterNews/comments/1cafr3i/a_violation_of_all_international_laws_and/,0,2024-04-22 16:50:31,1,,False,1.0,None,2024-04-22 17:15:19.932746
USANewsToday101,1cafq7c,“A violation of all international laws and humanitarian norms”: Hamas condemns US aid to Israel,,CharlieX99,https://newssmexus.blogspot.com/2024/04/a-violation-of-all-international-laws.html,/r/USANewsToday101/comments/1cafq7c/a_violation_of_all_international_laws_and/,0,2024-04-22 16:49:31,1,moderator,False,1.0,None,2024-04-22 17:15:19.932746
u_Additional_Actuary92,1cafpir,World News Israel’s military intelligence chief resigns over failure to prevent Hamas attack on Oct. 7,,Additional_Actuary92,https://apnews.com/article/israel-hamas-war-news-04-22-2024-85da1c989f71f8c3bf00d8b45a0ed7f1?utm_source=reddit&utm_medium=share,/r/u_Additional_Actuary92/comments/1cafpir/world_news_israels_military_intelligence_chief/,0,2024-04-22 16:48:45,1,,False,1.0,None,2024-04-22 17:15:19.932746
NewsNewsNewsNews,1cafpgp,“A violation of all international laws and humanitarian norms”: Hamas condemns US aid to Israel,,CharlieX99,https://newssmexus.blogspot.com/2024/04/a-violation-of-all-international-laws.html,/r/NewsNewsNewsNews/comments/1cafpgp/a_violation_of_all_international_laws_and/,0,2024-04-22 16:48:41,1,moderator,False,1.0,None,2024-04-22 17:15:19.932746
Destiny,1cafpba,Columbia University has Re-Branded and its causing a bit of a stir amongst their more Jewish community members,,NEPackFan,https://i.redd.it/wzpdq9mp82wc1.jpeg,/r/Destiny/comments/1cafpba/columbia_university_has_rebranded_and_its_causing/,1,2024-04-22 16:48:32,16,,False,0.68,Shitpost,2024-04-22 17:15:19.932746
UnderReportedNews,1cafo5i,“A violation of all international laws and humanitarian norms”: Hamas condemns US aid to Israel,,CharlieX99,https://newssmexus.blogspot.com/2024/04/a-violation-of-all-international-laws.html,/r/UnderReportedNews/comments/1cafo5i/a_violation_of_all_international_laws_and/,0,2024-04-22 16:47:13,2,,False,1.0,None,2024-04-22 17:15:19.932746
China_irl,1cafn6v,美国考虑对被指控侵犯人权的以色列陆军部队实施制裁,"原文链接： [Israel-Hamas War: U.S. Considers Sanctions on Israeli Army Unit Accused of Rights Abuses - WSJ](https://www.wsj.com/world/middle-east/israels-military-spy-chief-quits-first-to-shoulder-blame-for-hamas-attack-945eba68?mod=world_lead_pos2) 

机翻：

以色列官员正在努力阻止美国对被指控侵犯人权的以色列军事单位的潜在制裁，因为华盛顿加[大了对以色列](https://www.wsj.com/world/middle-east/biden-netanyahu-set-to-talk-as-gaza-aid-worker-deaths-add-to-pressure-on-israel-9dee3793?mod=article_inline)如何起诉加沙战争的压力。

另外，以色列军事间谍头目周一辞职，成为第一位因情报失误而辞职的高级官员，导致哈马斯于10月7日发动袭击，引发了加沙战争。

美国可能采取的措施表明，尽管拜登政府向以色列[盟友提供了广泛的军事支持](https://www.wsj.com/world/biden-weighs-more-than-1-billion-in-new-arms-for-israel-8b8607e4?mod=article_inline)，但美国对以色列的压力越来越大。

美国国务卿安东尼·布林肯（Antony Blinken）上周表示，美国正在考虑是否对以色列适用一项禁止美国向侵犯人权的外国安全部队提供援助的法律，并计划很快宣布结果。 

在周末的电话中，以色列官员向布林肯施压，要求他不要对内扎·耶胡达（Netzah Yehuda）实施军事援助限制，内扎·耶胡达（Netzah Yehuda）是一支极端正统的以色列军事单位，被指控在战争开始前对约旦河西岸巴勒斯坦人犯下罪行。

“以色列国防军绝不能受到制裁！”以色列总理本雅明·内塔尼亚胡（Benjamin Netanyahu）周六在X上写道，在与哈马斯的战争期间对以色列军事单位实施制裁将是“荒谬的高度和道德的低谷”，他写道。

周末，以色列广泛谴责可能制裁以色列军事单位的意图，但反映出美国对以色列官员在加沙进行战争的压力越来越大。

美国表示将捍卫以色列的安全，并帮助本月抵御伊朗的大规模[导弹和无人机袭击](https://www.wsj.com/world/middle-east/iran-emboldened-israel-confrontation-dd7136b7?mod=article_inline)。拜登政府正在考虑为其盟友提供超过10亿美元的新武器交易。上周末，众议院分别通过了一项[针对以色列的260亿美元资金法案](https://www.wsj.com/politics/policy/proposed-ukraine-israel-aid-package-to-go-to-final-house-vote-dc9ed164?mod=article_inline)。

但美国也对内塔尼亚胡如何管理战争以及以色列允许向加沙提供多少援助以缓解巴勒斯坦飞地的人道主义危机变得更加批评。

这场战争现在已经进入第七个月，也在考验以色列人的耐心，其中许多人呼吁内塔尼亚胡及其政府辞职，因为他们对冲突的处理以及导致哈马斯在10月份发动袭击的情报失误。 

军方情报局局长阿哈龙·哈利瓦（Aharon Haliva）少将周一辞职，表明以色列人越来越意识到需要改变才能赢得对哈马斯的战争。

以色列观察家曾预计，高级军官在打仗期间会继续留任，随后将进行清算。最近几周，成千上万的抗议者[呼吁政府辞职](https://www.wsj.com/world/middle-east/israel-protests-netanyahu-ccd5e3dc?mod=article_inline)。

哈利瓦在一份声明中表示，他在冲突开始时表示希望对10月7日的情报失败负责，现在认为现在是退休的合适时机，因为对安全漏洞的调查步伐加快。

据以色列官员称，哈马斯10月7日的袭击造成1200人死亡，其中大多数是平民。据当地卫生官员称，以色列随后的空中和地面行动已造成34,000名巴勒斯坦人死亡，其中大多数是妇女和儿童。这些数字没有区分战斗人员和平民。 

以色列重创了哈马斯，加沙地带的大部分地区现在都变成了废墟，但美国认定的恐怖组织幸存下来，[10月7日被劫持的数十名人质](https://www.wsj.com/world/middle-east/hamas-hostages-israel-gaza-41432124?mod=article_inline)仍被该组织囚禁。

随着战争的拖延，拜登总统面临着党内进步人士对以色列政策的越来越多的批评。他们呼吁他暂停援助，除非美国盟友立即实施停火。

作为回应，美国敦促以色列允许向加沙提供更多援助，并在联合国弃权。 

伦敦查塔姆研究所智库中东问题专家萨纳姆·瓦基尔（Sanam Vakil）表示，制裁以色列军事单位的潜在决定是拜登政府试图在特定政策点上限制以色列，同时继续在军事上支持以色列的又一例证。

“美国仍然100%致力于以色列的安全，”瓦基尔说。“但以色列在加沙执行其政策的方式存在很大差异。

Netzah Yehuda 是以色列军队中一个独特的单位，成立于 1999 年，旨在吸引更多极端正统的犹太以色列人（称为 Haredim）服役。其士兵被判犯有使用电刑折磨巴勒斯坦被拘留者的罪名，并因[允许一名巴勒斯坦裔美国老人](https://www.wsj.com/articles/ultra-orthodox-israeli-military-unit-faces-calls-to-disband-after-abuse-allegations-11667216660?mod=article_inline)在他们的拘留期间死亡而受到纪律处分。2022 年，军方在被指控滥用职权的情况下将该部队迁出约旦河西岸。

然而，以色列国防部长约阿夫·加兰特周一在一份声明中说，自加沙战争开始以来，Netzah Yehuda一直在约旦河西岸开展行动，反对以色列北部边境的真主党和加沙的哈马斯。

“他们冒着生命危险，”加兰特在与布林肯和美国驻以色列大使杰克·卢（Jack Lew）交谈后谈到该部队的士兵时说。美国驻耶路撒冷大使馆拒绝置评。

根据甘茨办公室的一份声明，以色列战争内阁成员本尼·甘茨周日也与布林肯进行了交谈，敦促美国不要制裁内扎·耶胡达，认为这将损害以色列在战争期间的国际合法性。

以色列前国家安全顾问雅各布·内格尔（Jacob Nagel）表示，官员们正在努力说服美国不要对内扎·耶胡达采取行动，因为这可能会导致未来对以色列军方采取其他措施。

“美国不能制裁以色列国防军内部的一个团体，因为下个月他们将制裁我们的一个空军部队，”他说。“你开始，你不知道你在哪里结束。”",tangtommy,https://www.reddit.com/r/China_irl/comments/1cafn6v/美国考虑对被指控侵犯人权的以色列陆军部队实施制裁/,/r/China_irl/comments/1cafn6v/美国考虑对被指控侵犯人权的以色列陆军部队实施制裁/,2,2024-04-22 16:46:10,3,,False,0.66,:speak: 政治经济,2024-04-22 17:15:19.932746
AnythingGoesNews,1cafmv1,“A violation of all international laws and humanitarian norms”: Hamas condemns US aid to Israel,,CharlieX99,https://newssmexus.blogspot.com/2024/04/a-violation-of-all-international-laws.html,/r/AnythingGoesNews/comments/1cafmv1/a_violation_of_all_international_laws_and/,0,2024-04-22 16:45:48,1,,False,1.0,None,2024-04-22 17:15:19.932746
FauxNews,1cafmho,“A violation of all international laws and humanitarian norms”: Hamas condemns US aid to Israel,,CharlieX99,https://newssmexus.blogspot.com/2024/04/a-violation-of-all-international-laws.html,/r/FauxNews/comments/1cafmho/a_violation_of_all_international_laws_and/,0,2024-04-22 16:45:23,1,,False,1.0,None,2024-04-22 17:15:19.932746
WorldWideNews,1cafmdd,“A violation of all international laws and humanitarian norms”: Hamas condemns US aid to Israel,,CharlieX99,https://newssmexus.blogspot.com/2024/04/a-violation-of-all-international-laws.html,/r/WorldWideNews/comments/1cafmdd/a_violation_of_all_international_laws_and/,0,2024-04-22 16:45:16,1,,False,1.0,None,2024-04-22 17:15:19.932746
UnitedStatesPlace,1cafm8p,“A violation of all international laws and humanitarian norms”: Hamas condemns US aid to Israel,,CharlieX99,https://newssmexus.blogspot.com/2024/04/a-violation-of-all-international-laws.html,/r/UnitedStatesPlace/comments/1cafm8p/a_violation_of_all_international_laws_and/,0,2024-04-22 16:45:08,1,,False,1.0,None,2024-04-22 17:15:19.932746
Jewish,1cafm8e,Data on campus deplatforming attempts,"Not sure if people here are familiar with the free speech advocacy work of Greg Lukianoff and the FIRE organization, but they do incredible work. One of the things they do is track data on attempts to deplatform speakers on campus. I'm posting this here because we hear a lot on social media about Palestinian voices being silenced, Zionist conspiracies to control speech, and so on, so it's important to have the data at our disposal to engage in these discussions.

Mr. Lukianoff recently posted on X his substack article from back in early March on this issue: [https://greglukianoff.substack.com/p/campus-deplatforming-a-data-bonanza](https://greglukianoff.substack.com/p/campus-deplatforming-a-data-bonanza) 

Here is an interesting excerpt (keep in mind this was published about 6 weeks ago, before things started getting really out of hand on college campuses): 

""The last couple of weeks alone have been absolutely terrible, and it’s no surprise why. Campuses exploded in the wake of Hamas’ attack on Israel on Oct. 7, with attempts to deplatform speakers coming in about equal numbers from both sides. However, as of this moment we are not aware of a pro-Palestine event being disrupted by pro-Israel students. The most recent examples we have are all pro-Palestinian protestors shutting down pro-Israel speech.""

The article also links to the database itself, where you can scroll through and see the details of all the deplatforming attempts they've recorded. They are overwhelmingly skewed towards Palestinian supporters attempting to deplatform pro-Israeli speakers. And the cases of deplatforming pro-Palestinian speakers always seemed to be initiated by the administration because of very specific concerns with the event. Here's one example of a pro-Palestinian event that was cancelled: 

||
||
|The campus chapter of Students for Justice in Palestine proposed and received university for a fundraising event to raise money for the people in Gaza. The event was supposed to feature a number of unidentified speakers. The day before the event the president of the university withdrew its approval because ""a newly-formed outside organization, called New Jersey Students for Justice in Palestine, is now the host,"" and this group's mission statement ""goes well beyond advocacy for the Palestinian people"" containing an ""explicit call to eliminate Zionism on our campuses and in our communities.""|

The tl/dr: The data clearly do not support the accusation that Palestinian voices are being silenced. The data overwhelmingly show that it is pro-Israel voices that are being silenced by Palestinian supporters.",Darth_Jonathan,https://www.reddit.com/r/Jewish/comments/1cafm8e/data_on_campus_deplatforming_attempts/,/r/Jewish/comments/1cafm8e/data_on_campus_deplatforming_attempts/,2,2024-04-22 16:45:08,31,,False,0.92,Discussion 💬,2024-04-22 17:15:19.932746
Conservative,1cafkrw,Police Make 45 Arrests at Yale University Pro-Hamas Protests,,yuri_2022,https://www.breitbart.com/politics/2024/04/22/police-make-45-arrests-at-yale-university-pro-palestine-protests/,/r/Conservative/comments/1cafkrw/police_make_45_arrests_at_yale_university/,1,2024-04-22 16:43:32,22,,False,0.68,Flaired Users Only,2024-04-22 17:15:19.932746
USDemocracy,1cafjt1,“A violation of all international laws and humanitarian norms”: Hamas condemns US aid to Israel,,CharlieX99,https://newssmexus.blogspot.com/2024/04/a-violation-of-all-international-laws.html,/r/USDemocracy/comments/1cafjt1/a_violation_of_all_international_laws_and/,0,2024-04-22 16:42:31,1,,False,1.0,None,2024-04-22 17:15:19.932746
liquiddemocracy,1cafjo1,“A violation of all international laws and humanitarian norms”: Hamas condemns US aid to Israel,,CharlieX99,https://newssmexus.blogspot.com/2024/04/a-violation-of-all-international-laws.html,/r/liquiddemocracy/comments/1cafjo1/a_violation_of_all_international_laws_and/,0,2024-04-22 16:42:22,1,,False,1.0,None,2024-04-22 17:15:19.932746
Democracy3,1cafji6,“A violation of all international laws and humanitarian norms”: Hamas condemns US aid to Israel,,CharlieX99,https://newssmexus.blogspot.com/2024/04/a-violation-of-all-international-laws.html,/r/Democracy3/comments/1cafji6/a_violation_of_all_international_laws_and/,0,2024-04-22 16:42:11,1,,False,1.0,None,2024-04-22 17:15:19.932746
NoFilterNews,1cafja7,/r/worldnews - https://www.cbsnews.com/news/israel-us-sanctions-idf-netzah-yehuda-battalion-gaza-hamas-war/,"/r/worldnews
   
 https://www.cbsnews.com/news/israel-us-sanctions-idf-netzah-yehuda-battalion-gaza-hamas-war/",Faction_Chief,https://www.reddit.com/r/NoFilterNews/comments/1cafja7/rworldnews/,/r/NoFilterNews/comments/1cafja7/rworldnews/,0,2024-04-22 16:41:56,1,,False,1.0,None,2024-04-22 17:15:19.932746
Destiny,1cafexj,Jewish Columbia professor has his access to campus revoked after speaking out against Hamas supporting students yesterday,,Blarg1889,https://twitter.com/visegrad24/status/1782447500210688428,/r/Destiny/comments/1cafexj/jewish_columbia_professor_has_his_access_to/,233,2024-04-22 16:37:01,393,,False,0.93,Twitter,2024-04-22 17:15:19.932746
AntiSemitismInReddit,1cafdyz,[r/Palestine] Hamas is fully compliant with Geneva Conventions,,HidingAsSnow,https://i.redd.it/iekyebnc62wc1.jpeg,/r/AntiSemitismInReddit/comments/1cafdyz/rpalestine_hamas_is_fully_compliant_with_geneva/,10,2024-04-22 16:36:00,68,,False,1.0,Comparing Israel to the Nazis,2024-04-22 17:15:19.932746
BadHasbara,1caf886,October 7 didnt happen in a vacuum,"[No holocaust survivor died in Oct 7, that was a proven lie. ](https://preview.redd.it/cvd19e1422wc1.png?width=795&format=png&auto=webp&s=0741aa2d55289a28ab60af57853adff0a2fdd861)

I'm not quite sure where to begin. Palestinians had nothing to do with the expulsion of jews from outside of Palestine. As for the hebron massacre which is the ""anti-jewish violence"" being referred to, what happened was a lot more complex than Palestinians hating jews and massacring them for that reason only. From what Ive read, pre-foundation of Israel zionist settlers took advantage of a system under the Ottomans where they bought up land and rendered Palestinian farmers landless and socially marginalized.  
**""The** [**Shaw Commission**](https://en.wikipedia.org/wiki/Shaw_Commission) **in 1930 had identified the existence of a class of 'embittered landless people' as a contributory factor to the preceding** [**1929 disturbances**](https://en.wikipedia.org/wiki/1929_Palestine_riots)**,""**

[Censored a mention of SA](https://preview.redd.it/0qo77yu152wc1.png?width=796&format=png&auto=webp&s=5d4ec29c50912a74bf40892ff415001144255c42)

Resistance does not murdering children and other atrocities towards civilians. But no holocaust survivor died during oct 7, that was a proven lie. But a group placed under illegal occupation have the right to resist.",valonianfool,https://www.reddit.com/r/BadHasbara/comments/1caf886/october_7_didnt_happen_in_a_vacuum/,/r/BadHasbara/comments/1caf886/october_7_didnt_happen_in_a_vacuum/,1,2024-04-22 16:29:37,13,,False,0.94,Bad Hasbara,2024-04-22 17:15:19.932746
walkaway,1caf2ov,"Columbia University has deactivated the ID card and blocked a Jewish professor from entering campus, for fear of the pro Hamas protests occurring",,Qplus17,https://x.com/mrandyngo/status/1782419968077803590?s=46&t=YEcs8gX-WCSlHoUxOLbJvQ,/r/walkaway/comments/1caf2ov/columbia_university_has_deactivated_the_id_card/,18,2024-04-22 16:23:29,94,,False,0.92,Mostly Peaceful,2024-04-22 17:15:19.932746
atheism,1caf0h4,My best friend since 1st grade has turned into a religious extremist. I’m debating cutting him off. ,"I’d like to preface this by saying even tho I’m an atheist, I don’t mind being friends with religious people as long as they have progressive values and aren’t an extremist. That’s not the case for this guy. He’s a Zionist who thinks Muslims should be banned from Israel and hates Muslims to the point of not wanting any association with them. I know many of us on this sub, including myself, are not a fan of Islam but I don’t hate the followers of the religion, just the ideas it spreads. I told him that it’s fucked up that Israel has an over 90% civilian casualty rate and how Israel is murdering innocent Palestinians who aren’t involved in Hamas at all. His response is “I don’t care, I think they deserve to die.” There was a point in time where this person actually was a rational normal person but he started going to this Jewish group and I think they indoctrinated him to be an extremist. Like I can’t even invite this guy to my graduation for my masters degree in social work because one of the people graduating is muslim and wears a Hijab. Don’t want my friend to bring his bigotry to my graduation and ruin it. This guy is just too far gone. ",wellz-or-hellz,https://www.reddit.com/r/atheism/comments/1caf0h4/my_best_friend_since_1st_grade_has_turned_into_a/,/r/atheism/comments/1caf0h4/my_best_friend_since_1st_grade_has_turned_into_a/,48,2024-04-22 16:21:01,153,,False,0.88,None,2024-04-22 17:15:19.932746
Conservative,1caewvy,"Consequences Come for Ilhan Omar's Pro-Hamas Daughter, and Her Reaction Is Priceless",,Ask4MD,https://redstate.com/bonchie/2024/04/22/consequences-come-for-ilhan-omars-pro-hamas-daughter-and-her-reaction-is-priceless-n2173128,/r/Conservative/comments/1caewvy/consequences_come_for_ilhan_omars_prohamas/,10,2024-04-22 16:17:01,113,,False,0.83,Flaired Users Only,2024-04-22 17:15:19.932746
CanadianConservative,1caeuti,Jewish groups call for end to funding for Edmonton Pride centre over its response to Hamas attack,,SomeJerkOddball,https://nationalpost.com/news/canada/pride-centre-of-edmonton-jewish-groups,/r/CanadianConservative/comments/1caeuti/jewish_groups_call_for_end_to_funding_for/,1,2024-04-22 16:14:40,6,,False,0.8,Article,2024-04-22 17:15:19.932746
mildlyinteresting,1caeshr,qtips being sold in the vinyl aisle,,X-Worbad,https://i.redd.it/ncbgl5i622wc1.jpeg,/r/mildlyinteresting/comments/1caeshr/qtips_being_sold_in_the_vinyl_aisle/,11,2024-04-22 16:11:56,0,,True,0.4,None,2024-04-22 17:15:19.932746
svepol,1caengf,Gili Avidors expojkvän mördades av Hamas – nu är hon fredsaktivist,"""Man inte bara motsätter sig kriget. Man konfronterar hela systemet med expansiva bosättningar och pågående förtryck.""

https://www.etc.se/utrikes/gili-avidor-20-jag-ser-det-haer-som-en-vaendpunkt-i-mitt-liv",Gloomy_Leopard3928,https://www.reddit.com/r/svepol/comments/1caengf/gili_avidors_expojkvän_mördades_av_hamas_nu_är/,/r/svepol/comments/1caengf/gili_avidors_expojkvän_mördades_av_hamas_nu_är/,1,2024-04-22 16:06:27,0,,False,0.5,Politik,2024-04-22 17:15:19.932746
Destiny,1cae5ao,1:37:33 - Krystal's unhinged and biased take at the violence on Columbia's campus ,"Krystal called the illegal creation of encampments ""peaceful"". Remember, she is fully supportive of protests which block roads ""which are against Israel's genocide"" 

Guest: there have been instances of ""alleged anti-semitism"". Bro did you watch any of the fucking videos?

Seems like they're pretty against having any actual Jewish people interviewed in the show, but it's wild to watch Krystal simp for hamas even more. ",InevitableHome343,https://youtu.be/W6CC-Cnm_xI?feature=shared,/r/Destiny/comments/1cae5ao/13733_krystals_unhinged_and_biased_take_at_the/,3,2024-04-22 15:46:06,20,,False,0.84,Media,2024-04-22 17:15:19.932746
u_KyleMichael91,1cadw8p,"Read my latest work, Austerity Treatise of the Israel-Palestine Conflict and the Israel-Hamas War: In Defense of Israel, A Cradle of Civilization ",https://medium.com/@kmikes91/austerity-treatise-of-the-israel-palestine-conflict-and-israel-hamas-war-e43cca34da2d,KyleMichael91,https://www.reddit.com/r/u_KyleMichael91/comments/1cadw8p/read_my_latest_work_austerity_treatise_of_the/,/r/u_KyleMichael91/comments/1cadw8p/read_my_latest_work_austerity_treatise_of_the/,0,2024-04-22 15:35:47,1,,False,1.0,None,2024-04-22 17:15:19.932746
DemocraticSocialism,1cadlbo,"As a Palestinian, I deplore what is happening at Columbia and other campuses – and what Hamas has done to us",,socialistmajority,https://www.thejc.com/lets-talk/as-a-palestinian-i-deplore-what-is-happening-on-campus-and-what-hamas-have-done-to-us-grcvt66c,/r/DemocraticSocialism/comments/1cadlbo/as_a_palestinian_i_deplore_what_is_happening_at/,9,2024-04-22 15:23:06,6,,False,0.59,News,2024-04-22 17:15:19.932746
SocialDemocracy,1cadkz2,"As a Palestinian, I deplore what is happening at Columbia and other campuses – and what Hamas has done to us",,socialistmajority,https://www.thejc.com/lets-talk/as-a-palestinian-i-deplore-what-is-happening-on-campus-and-what-hamas-have-done-to-us-grcvt66c,/r/SocialDemocracy/comments/1cadkz2/as_a_palestinian_i_deplore_what_is_happening_at/,34,2024-04-22 15:22:45,51,,False,0.78,News,2024-04-22 17:15:19.932746
USNewssMex,1cad9lk,“A violation of all international laws and humanitarian norms”: Hamas condemns US aid to Israel,,NewssMex,https://newssmexus.blogspot.com/2024/04/a-violation-of-all-international-laws.html,/r/USNewssMex/comments/1cad9lk/a_violation_of_all_international_laws_and/,0,2024-04-22 15:10:15,1,moderator,False,1.0,None,2024-04-22 17:15:19.932746
GenZionist,1cacsw8,Sick and tired of the agenda trolls coming into every subreddit and trying to turn it into an Israeli hate space.,"From video games to gender issues to crypto, it seems there has been a flood of topics lately from agenda trolls making topics and comments trying to link whatever the subreddit is about to “how much evil Israel is doing”.  
  
It’s transparent and pathetic, and trying to stand up to it feels like trying to plug a flood in a dam by yourself.  These assholes control dozens of accounts and will mass downvote you and shout you down, and further will begin stalking your account and then hounding you across the entire site.  
  
It’s sickening, and even worse Reddit has no mechanisms to fight back against it.  Vast swathes of the site are already explicitly transformed from funny and interesting pictures and memes into pro Hamas shitholes.  Isn’t this supposed to be a publicly traded site? How does this help shareholders?

Just fed up, especially with current admins who don’t seem to care and in some cases seem actively participating in the campaign of hatred.",katiecharm,https://www.reddit.com/r/GenZionist/comments/1cacsw8/sick_and_tired_of_the_agenda_trolls_coming_into/,/r/GenZionist/comments/1cacsw8/sick_and_tired_of_the_agenda_trolls_coming_into/,14,2024-04-22 14:51:56,106,,False,0.98,Other,2024-04-22 17:15:19.932746
Republican,1cacgc8,Soros Funds Biden and the pro-Hamas Protests against Biden,,RedBaronsBrother,https://www.frontpagemag.com/on-israel-soros-funds-the-protests-and-the-protested/,/r/Republican/comments/1cacgc8/soros_funds_biden_and_the_prohamas_protests/,1,2024-04-22 14:37:39,0,,False,0.5,None,2024-04-22 17:15:19.932746
WildRoseCountry,1cacfxs,Jewish groups call for end to funding for Edmonton Pride centre over its response to Hamas attack,,SomeJerkOddball,https://nationalpost.com/news/canada/pride-centre-of-edmonton-jewish-groups,/r/WildRoseCountry/comments/1cacfxs/jewish_groups_call_for_end_to_funding_for/,19,2024-04-22 14:37:08,13,,False,0.65,Canadian Politics,2024-04-22 17:15:19.932746
conservatives,1cacfqz,Soros Funds Biden and the pro-Hamas Protests against Biden,,RedBaronsBrother,https://www.frontpagemag.com/on-israel-soros-funds-the-protests-and-the-protested/,/r/conservatives/comments/1cacfqz/soros_funds_biden_and_the_prohamas_protests/,1,2024-04-22 14:36:54,8,,False,0.89,None,2024-04-22 17:15:19.932746
brasilnoticias,1cacbvy,Israel usa comida como arma em Gaza muito antes de ataque do Hamas,,williambotter,https://www1.folha.uol.com.br/ilustrissima/2024/04/israel-usa-comida-como-arma-em-gaza-muito-antes-de-ataque-do-hamas.shtml,/r/brasilnoticias/comments/1cacbvy/israel_usa_comida_como_arma_em_gaza_muito_antes/,1,2024-04-22 14:32:23,1,,False,1.0,Folha de São Paulo,2024-04-22 17:15:19.932746
conservatives,1cac276,"Palestinian Ruling Party Admits: Hamas Steals Aid, Kills Aid Workers in Gaza",,RedBaronsBrother,https://www.breitbart.com/middle-east/2024/04/21/palestinian-ruling-party-admits-hamas-steals-aid-kills-aid-workers-in-gaza/,/r/conservatives/comments/1cac276/palestinian_ruling_party_admits_hamas_steals_aid/,2,2024-04-22 14:21:31,7,,False,0.74,None,2024-04-22 17:15:19.932746
conspiracy,1cabzl1,Hamas was not created by Israel ," I came across Hamas’s footage from October 7th the other day and in one of their equipment used it was written Zouaoui.

Mohamed Zouaoui was an engineer from Sfax, Tunisia. He was assassinated in front of his house late 2016. ( he was shot 6 times in his car before leaving ) The whole country had heard of his death and it’s weird how I can’t find much about him online. Zouaoui had spent many years in Gaza helping the Palestinians in building planes and drones to help them in their cause. Anyways, It was discovered that he was murdered by 2 Israelites who had entered the country with different citizenships ( if I recall correctly they were French) , but they were never caught. I only know this cause I’m Tunisian.




",securus02,https://www.reddit.com/r/conspiracy/comments/1cabzl1/hamas_was_not_created_by_israel/,/r/conspiracy/comments/1cabzl1/hamas_was_not_created_by_israel/,4,2024-04-22 14:18:38,0,,False,0.25,None,2024-04-22 17:15:19.932746
